Frequency Index - Plot 0,Magnitude - Plot 0
0,154.202
1,0.0459055
2,0.231124
3,0.17016
4,0.192767
5,0.261999
6,0.286579
7,0.289381
8,1.29102
9,0.266376
10,0.212608
11,0.196385
12,0.113943
13,0.0683703
14,0.0924232
15,0.227594
16,0.22577
17,0.0703606
18,0.249213
19,0.150589
20,0.0804644
21,0.0293032
22,0.226026
23,0.301239
24,0.350678
25,0.114474
26,0.308019
27,0.391734
28,0.237805
29,0.107929
30,0.0720958
31,0.117116
32,0.0651188
33,0.0459792
34,0.323386
35,0.142292
36,0.0747916
37,0.125194
38,0.0851751
39,0.201056
40,0.0262197
41,0.215995
42,0.142103
43,0.0752039
44,0.0807299
45,0.195764
46,0.118033
47,0.133021
48,0.360992
49,0.415459
50,424.063
51,0.559176
52,0.310363
53,0.21132
54,0.144857
55,0.163412
56,0.438274
57,0.101707
58,0.0467852
59,0.0456938
60,0.184671
61,0.0692471
62,0.0629671
63,0.150625
64,0.256905
65,0.0171785
66,0.201215
67,0.1333
68,0.203367
69,0.178926
70,0.124121
71,0.0654616
72,0.183989
73,0.199403
74,0.0573806
75,0.176536
76,0.133166
77,0.056361
78,0.0219566
79,0.150643
80,0.144605
81,0.102556
82,0.19112
83,0.119772
84,0.144277
85,0.159392
86,0.0887538
87,0.187133
88,0.11607
89,0.0971838
90,0.0207057
91,0.0907035
92,0.12379
93,0.0942258
94,0.154653
95,0.190487
96,0.153948
97,0.185618
98,0.228857
99,0.110225
100,0.12668
101,0.12412
102,0.227545
103,0.0420576
104,0.151239
105,0.0433439
106,0.106104
107,0.0950387
108,0.0877873
109,0.0505133
110,0.134108
111,0.190919
112,0.223943
113,0.121634
114,0.210497
115,0.428085
116,0.517365
117,0.71854
118,0.72879
119,1.79383
120,636.302
121,1.75885
122,0.893881
123,0.600994
124,0.61499
125,0.423375
126,0.163561
127,0.313436
128,0.26491
129,0.317573
130,0.294979
131,0.0282308
132,0.346392
133,0.342241
134,0.138085
135,0.0689215
136,0.246402
137,0.185367
138,0.143159
139,0.0347106
140,0.21722
141,0.161371
142,0.108493
143,0.0350761
144,0.125571
145,0.0249073
146,0.160058
147,0.0800164
148,0.123383
149,0.168044
150,0.0724077
151,0.141147
152,0.0946769
153,0.0548336
154,0.175767
155,0.0324739
156,0.0289204
157,0.0129984
158,0.0640217
159,0.196253
160,0.0694549
161,0.124849
162,0.0078913
163,0.21281
164,0.0731204
165,0.177667
166,0.0426012
167,0.103583
168,0.0380312
169,0.132766
170,0.0482167
171,0.152475
172,0.0484201
173,0.0835858
174,0.169954
175,0.138534
176,0.144641
177,0.126614
178,0.101517
179,0.0361252
180,0.249315
181,0.202578
182,0.0319531
183,0.0628979
184,0.111403
185,0.112462
186,0.21736
187,0.132278
188,0.170414
189,0.129492
190,0.0826608
191,0.0665245
192,0.0803247
193,0.125113
194,0.0746488
195,0.169441
196,0.0899916
197,0.106312
198,0.133501
199,0.0556637
200,0.0934345
201,0.0986123
202,0.183185
203,0.111029
204,0.183149
205,0.145126
206,0.060717
207,0.191479
208,0.161165
209,0.0504295
210,0.0193811
211,0.0729991
212,0.0747805
213,0.116147
214,0.042966
215,0.116625
216,0.10128
217,0.08262
218,0.0902589
219,0.158156
220,0.0873623
221,0.0755314
222,0.109995
223,0.0759705
224,0.0162085
225,0.0734773
226,0.0993004
227,0.0347978
228,0.138841
229,0.152598
230,0.0240529
231,0.0840523
232,0.0670151
233,0.0672541
234,0.187754
235,0.0152168
236,0.0206443
237,0.15629
238,0.0969135
239,0.0102796
240,0.241943
241,0.0960062
242,0.0469294
243,0.217571
244,0.0921422
245,0.0602756
246,0.0896316
247,0.107766
248,0.142145
249,0.0290411
250,0.0472068
251,0.121392
252,0.111499
253,0.10394
254,0.176024
255,0.123583
256,0.0477382
257,0.114211
258,0.170178
259,0.14994
260,0.0833745
261,0.0550253
262,0.162181
263,0.0928147
264,0.152963
265,0.0710173
266,0.122836
267,0.168999
268,0.0482115
269,0.0819915
270,0.1191
271,0.117581
272,0.0182594
273,0.0348811
274,0.141925
275,0.217107
276,0.094922
277,0.118732
278,0.0691247
279,0.0809131
280,0.140353
281,0.031434
282,0.021318
283,0.0510526
284,0.0972383
285,0.12905
286,0.140878
287,0.0146219
288,0.106389
289,0.154001
290,0.189364
291,0.132755
292,0.179058
293,0.0717286
294,0.22344
295,0.0336327
296,0.124228
297,0.135578
298,0.127697
299,0.0351642
300,0.301398
301,0.177092
302,0.0480469
303,0.0659561
304,0.0589695
305,0.16506
306,0.085916
307,0.19818
308,0.0775185
309,0.0608912
310,0.03038
311,0.0604081
312,0.125545
313,0.0803229
314,0.0474387
315,0.103174
316,0.193021
317,0.161067
318,0.167554
319,0.1346
320,0.0867797
321,0.0944123
322,0.0885058
323,0.133033
324,0.0831299
325,0.0932314
326,0.178654
327,0.0993605
328,0.181056
329,0.0767204
330,0.137462
331,0.0584963
332,0.0961355
333,0.0809687
334,0.173074
335,0.139666
336,0.154944
337,0.117214
338,0.0883133
339,0.104758
340,0.0826927
341,0.166958
342,0.157353
343,0.195178
344,0.0867051
345,0.0265811
346,0.0418725
347,0.0809021
348,0.0929508
349,0.0461074
350,0.157054
351,0.0978018
352,0.145619
353,0.072386
354,0.105626
355,0.219679
356,0.0798297
357,0.114005
358,0.0898637
359,0.102121
360,0.0563465
361,0.0868721
362,0.112355
363,0.142401
364,0.0836624
365,0.0923028
366,0.132501
367,0.130898
368,0.0636049
369,0.220998
370,0.205026
371,0.0968892
372,0.0862566
373,0.111457
374,0.0333172
375,0.190592
376,0.125285
377,0.0994972
378,0.20068
379,0.281064
380,0.095569
381,0.0839366
382,0.107229
383,0.0735053
384,0.179189
385,0.132195
386,0.1054
387,0.0401073
388,0.138716
389,0.0841706
390,0.197921
391,0.139337
392,0.122673
393,0.208918
394,0.237816
395,0.116456
396,0.131016
397,0.158232
398,0.0930108
399,0.129661
400,0.138996
401,0.194589
402,0.141194
403,0.0686874
404,0.0652049
405,0.158011
406,0.0955501
407,0.165468
408,0.164521
409,0.111547
410,0.093525
411,0.134968
412,0.203604
413,0.17645
414,0.157162
415,0.202027
416,0.0993915
417,0.188907
418,0.0878548
419,0.139909
420,0.197407
421,0.179232
422,0.0909689
423,0.26283
424,0.281732
425,0.0692389
426,0.0756575
427,0.191162
428,0.134508
429,0.214287
430,0.225243
431,0.265085
432,0.282671
433,0.2708
434,0.210407
435,0.176581
436,0.201397
437,0.232653
438,0.23806
439,0.300678
440,0.182681
441,0.209775
442,0.249224
443,0.229889
444,0.209121
445,0.119066
446,0.379998
447,0.19564
448,0.279535
449,0.213907
450,0.153321
451,0.388449
452,0.206457
453,0.471052
454,0.389499
455,0.382541
456,0.26521
457,0.369401
458,0.230416
459,0.308902
460,0.385859
461,0.114007
462,0.392022
463,0.296167
464,0.307746
465,0.451495
466,0.411335
467,0.475856
468,0.435537
469,0.533343
470,0.452827
471,0.497812
472,0.511176
473,0.811509
474,0.472715
475,0.842542
476,0.657933
477,0.680434
478,0.845397
479,0.878282
480,0.864414
481,0.828792
482,1.19934
483,1.33954
484,1.56761
485,1.87805
486,2.32238
487,3.20367
488,4.83754
489,9.19598
490,848.147
491,9.20391
492,4.75931
493,3.0264
494,2.31582
495,1.94762
496,1.44784
497,1.42666
498,1.26885
499,1.22781
500,0.782213
501,0.807105
502,0.734484
503,0.748969
504,0.717873
505,0.748841
506,0.595352
507,0.398147
508,0.445
509,0.443858
510,0.500822
511,0.497677
512,0.315639
513,0.376975
514,0.281167
515,0.234985
516,0.338967
517,0.391
518,0.530298
519,0.323931
520,0.114396
521,0.310464
522,0.201485
523,0.394841
524,0.242346
525,0.253452
526,0.280998
527,0.222705
528,0.361854
529,0.339353
530,0.313667
531,0.328745
532,0.254756
533,0.377015
534,0.255238
535,0.271988
536,0.184575
537,0.168432
538,0.12575
539,0.346255
540,0.116589
541,0.200358
542,0.203754
543,0.154683
544,0.243614
545,0.247093
546,0.270966
547,0.0256055
548,0.113269
549,0.312671
550,0.204195
551,0.191097
552,0.259325
553,0.264456
554,0.188369
555,0.0779669
556,0.124626
557,0.145982
558,0.1849
559,0.0392719
560,0.16179
561,0.122521
562,0.0916359
563,0.117287
564,0.0788461
565,0.131751
566,0.21458
567,0.0981501
568,0.193885
569,0.0593391
570,0.0884904
571,0.0818289
572,0.187507
573,0.0775166
574,0.0270845
575,0.0967155
576,0.115385
577,0.245985
578,0.215789
579,0.125696
580,0.0943232
581,0.162556
582,0.175132
583,0.166695
584,0.121768
585,0.0295192
586,0.123708
587,0.144565
588,0.0639213
589,0.0711469
590,0.0676613
591,0.0243294
592,0.0594195
593,0.164737
594,0.0139633
595,0.174403
596,0.0797516
597,0.204424
598,0.230155
599,0.0618979
600,0.257409
601,0.0497522
602,0.0160763
603,0.143531
604,0.169448
605,0.0568834
606,0.154012
607,0.106159
608,0.0503557
609,0.119657
610,0.0261632
611,0.163657
612,0.224037
613,0.0994027
614,0.14686
615,0.208554
616,0.057135
617,0.0809557
618,0.057204
619,0.0506996
620,0.0564291
621,0.0459657
622,0.122109
623,0.0643906
624,0.132647
625,0.0967772
626,0.078331
627,0.125734
628,0.066178
629,0.0588647
630,0.0611247
631,0.0434891
632,0.141189
633,0.0817826
634,0.0987249
635,0.145575
636,0.12122
637,0.0632326
638,0.0949196
639,0.0945259
640,0.101997
641,0.102498
642,0.120597
643,0.312617
644,0.0289661
645,0.163417
646,0.130971
647,0.109089
648,0.0256872
649,0.102842
650,0.0417667
651,0.0578289
652,0.0576135
653,0.0681693
654,0.0676324
655,0.086472
656,0.0557865
657,0.152116
658,0.0913777
659,0.20269
660,0.0314516
661,0.0899798
662,0.0440623
663,0.0508801
664,0.138173
665,0.0828497
666,0.112558
667,0.00304264
668,0.0415418
669,0.077111
670,0.0378294
671,0.051247
672,0.0526568
673,0.106082
674,0.0609502
675,0.116435
676,0.0582755
677,0.117943
678,0.0420881
679,0.167636
680,0.0647829
681,0.110132
682,0.12414
683,0.0817032
684,0.160203
685,0.0120772
686,0.0974273
687,0.0365714
688,0.0335404
689,0.0235728
690,0.0311653
691,0.0855429
692,0.0822522
693,0.0839428
694,0.0579839
695,0.0429144
696,0.114226
697,0.068303
698,0.0935939
699,0.053704
700,0.233535
701,0.0733474
702,0.0445537
703,0.102558
704,0.161803
705,0.0103775
706,0.0514527
707,0.113842
708,0.120337
709,0.0633113
710,0.0512869
711,0.0491598
712,0.0575152
713,0.0529218
714,0.0558768
715,0.031514
716,0.106295
717,0.148452
718,0.178608
719,0.0501446
720,0.123945
721,0.100753
722,0.0317805
723,0.0645718
724,0.167237
725,0.0860683
726,0.0786542
727,0.120925
728,0.0899663
729,0.124105
730,0.110551
731,0.0519355
732,0.0659688
733,0.0994809
734,0.126265
735,0.128345
736,0.145927
737,0.105949
738,0.160168
739,0.174861
740,0.00649687
741,0.0801353
742,0.128971
743,0.170864
744,0.0402708
745,0.124771
746,0.133019
747,0.0279527
748,0.132575
749,0.0915631
750,0.0597233
751,0.0380958
752,0.061538
753,0.0326541
754,0.0936083
755,0.0452627
756,0.11071
757,0.0838407
758,0.0891518
759,0.128398
760,0.0801919
761,0.0891532
762,0.0824947
763,0.0391213
764,0.128543
765,0.106348
766,0.117799
767,0.0477593
768,0.083493
769,0.0717423
770,0.0700379
771,0.0537049
772,0.12308
773,0.0109944
774,0.0616219
775,0.00620597
776,0.0962544
777,0.0876159
778,0.0716506
779,0.0456012
780,0.108358
781,0.151517
782,0.0530914
783,0.0499692
784,0.14753
785,0.105526
786,0.109892
787,0.0488842
788,0.0456248
789,0.0386097
790,0.108016
791,0.0278794
792,0.0596613
793,0.0864489
794,0.0908668
795,0.0724219
796,0.0769454
797,0.0350678
798,0.0780646
799,0.048208
800,0.0613624
801,0.0417831
802,0.0325299
803,0.107904
804,0.093827
805,0.0683877
806,0.143
807,0.0444755
808,0.098881
809,0.0512114
810,0.156046
811,0.0964382
812,0.121684
813,0.146172
814,0.0364791
815,0.14627
816,0.0874814
817,0.114577
818,0.0683817
819,0.0753457
820,0.0459929
821,0.0871177
822,0.0647066
823,0.0492156
824,0.0260551
825,0.165862
826,0.123206
827,0.0724353
828,0.0368175
829,0.19895
830,0.110428
831,0.0121727
832,0.0479536
833,0.115828
834,0.0975241
835,0.131568
836,0.0354086
837,0.0320646
838,0.165099
839,0.108995
840,0.132621
841,0.0166892
842,0.203592
843,0.0436398
844,0.174685
845,0.0361177
846,0.0714208
847,0.056591
848,0.120376
849,0.0601632
850,0.0623172
851,0.224559
852,0.117747
853,0.111642
854,0.0444661
855,0.0475464
856,0.0860272
857,0.132224
858,0.12664
859,0.0615949
860,0.0619067
861,0.161314
862,0.202156
863,0.184551
864,0.0812848
865,0.0568526
866,0.0738656
867,0.0694693
868,0.121605
869,0.0459386
870,0.128799
871,0.0838698
872,0.0765232
873,0.257195
874,0.0679468
875,0.0451217
876,0.0440433
877,0.10443
878,0.144037
879,0.0250313
880,0.0842924
881,0.0496078
882,0.142265
883,0.140133
884,0.0564015
885,0.186736
886,0.00269667
887,0.120804
888,0.128895
889,0.128246
890,0.0983512
891,0.102256
892,0.138146
893,0.0844555
894,0.047633
895,0.0370774
896,0.168378
897,0.163972
898,0.0673075
899,0.152706
900,0.148995
901,0.0392077
902,0.118309
903,0.0603481
904,0.0359883
905,0.193426
906,0.0330757
907,0.0289623
908,0.0811681
909,0.0316743
910,0.0542339
911,0.0552895
912,0.0948486
913,0.17353
914,0.0888719
915,0.130185
916,0.0492188
917,0.0800295
918,0.0398241
919,0.120115
920,0.0562431
921,0.0371773
922,0.119827
923,0.084783
924,0.029691
925,0.0869814
926,0.145681
927,0.0887122
928,0.0563118
929,0.11953
930,0.0715162
931,0.116072
932,0.102444
933,0.0221223
934,0.0788039
935,0.109809
936,0.0912892
937,0.0982098
938,0.0893475
939,0.119664
940,0.060706
941,0.0445217
942,0.269728
943,0.0686555
944,0.134422
945,0.0612656
946,0.203015
947,0.0897717
948,0.077918
949,0.0727697
950,0.0460159
951,0.0488123
952,0.0849919
953,0.147377
954,0.0850935
955,0.0454061
956,0.050729
957,0.0428151
958,0.0501447
959,0.0122122
960,0.0929955
961,0.166172
962,0.0409246
963,0.0473145
964,0.0385575
965,0.131821
966,0.0709978
967,0.126849
968,0.103519
969,0.147935
970,0.165896
971,0.0281318
972,0.0936774
973,0.0559149
974,0.0616882
975,0.0115771
976,0.149772
977,0.167365
978,0.114148
979,0.045393
980,0.0557147
981,0.0513391
982,0.0774706
983,0.111509
984,0.202782
985,0.0160362
986,0.113093
987,0.093834
988,0.130127
989,0.0905989
990,0.063525
991,0.0741122
992,0.126464
993,0.078953
994,0.107376
995,0.234207
996,0.0623347
997,0.0679106
998,0.0427961
999,0.0916905
1000,0.0679356
1001,0.101435
1002,0.0656566
1003,0.0751222
1004,0.125605
1005,0.0215245
1006,0.0640228
1007,0.0955704
1008,0.127679
1009,0.141815
1010,0.0620433
1011,0.055573
1012,0.0185805
1013,0.092629
1014,0.0570724
1015,0.0154026
1016,0.0522968
1017,0.0613332
1018,0.106759
1019,0.128172
1020,0.0883855
1021,0.0470254
1022,0.0129123
1023,0.0485872
1024,0.0563879
1025,0.0920948
1026,0.163852
1027,0.0635852
1028,0.109764
1029,0.153167
1030,0.0784584
1031,0.102327
1032,0.101289
1033,0.0482049
1034,0.0430139
1035,0.0939584
1036,0.135898
1037,0.0497762
1038,0.0746533
1039,0.0698827
1040,0.102658
1041,0.0369683
1042,0.167424
1043,0.0687205
1044,0.113748
1045,0.0648204
1046,0.0694889
1047,0.0272746
1048,0.0297803
1049,0.119593
1050,0.0343567
1051,0.0169995
1052,0.0442604
1053,0.0864679
1054,0.0289902
1055,0.0809319
1056,0.0347461
1057,0.0415147
1058,0.0978299
1059,0.0754392
1060,0.0891998
1061,0.146803
1062,0.15353
1063,0.0577958
1064,0.0366745
1065,0.0614067
1066,0.0533263
1067,0.078571
1068,0.0575044
1069,0.0536716
1070,0.0949273
1071,0.0792824
1072,0.0602057
1073,0.113033
1074,0.0459297
1075,0.0368032
1076,0.148108
1077,0.113577
1078,0.0940739
1079,0.103015
1080,0.0356835
1081,0.0876962
1082,0.0463122
1083,0.00870026
1084,0.144151
1085,0.0899078
1086,0.0418312
1087,0.0418134
1088,0.0522165
1089,0.0708251
1090,0.0755045
1091,0.168139
1092,0.0809178
1093,0.167295
1094,0.15351
1095,0.0947975
1096,0.0722954
1097,0.0279994
1098,0.07266
1099,0.0961948
1100,0.12721
1101,0.101059
1102,0.0795652
1103,0.0960669
1104,0.110082
1105,0.11029
1106,0.186586
1107,0.10419
1108,0.0275624
1109,0.132282
1110,0.0978771
1111,0.0614057
1112,0.142714
1113,0.0365178
1114,0.153713
1115,0.0568611
1116,0.165469
1117,0.0818164
1118,0.0909131
1119,0.057423
1120,0.0611729
1121,0.1381
1122,0.145339
1123,0.0952158
1124,0.0365254
1125,0.0513847
1126,0.128107
1127,0.0692081
1128,0.0408382
1129,0.0564568
1130,0.0942255
1131,0.119919
1132,0.0529586
1133,0.123205
1134,0.194412
1135,0.0968471
1136,0.0431616
1137,0.0804217
1138,0.0370764
1139,0.0761317
1140,0.0583772
1141,0.0847485
1142,0.142971
1143,0.0742017
1144,0.131423
1145,0.10356
1146,0.0798119
1147,0.103261
1148,0.156256
1149,0.130823
1150,0.0717593
1151,0.0769371
1152,0.0965896
1153,0.0170119
1154,0.0588655
1155,0.0596415
1156,0.14882
1157,0.0274938
1158,0.0642629
1159,0.0486087
1160,0.0718131
1161,0.0578897
1162,0.0528573
1163,0.118776
1164,0.00988101
1165,0.0498219
1166,0.0550892
1167,0.0490919
1168,0.128146
1169,0.0407075
1170,0.116123
1171,0.118005
1172,0.0868332
1173,0.0603982
1174,0.0774335
1175,0.0653756
1176,0.0414449
1177,0.152764
1178,0.0665884
1179,0.129427
1180,0.0178966
1181,0.0163553
1182,0.14019
1183,0.147578
1184,0.0801082
1185,0.141454
1186,0.132247
1187,0.0968298
1188,0.0502506
1189,0.0341343
1190,0.0802946
1191,0.103537
1192,0.129449
1193,0.0703878
1194,0.0824996
1195,0.102674
1196,0.0788107
1197,0.164976
1198,0.029573
1199,0.076453
1200,0.0751617
1201,0.0551304
1202,0.0673458
1203,0.0951675
1204,0.0638362
1205,0.0234585
1206,0.156709
1207,0.0322367
1208,0.134083
1209,0.130655
1210,0.157812
1211,0.0725971
1212,0.0426023
1213,0.100869
1214,0.130771
1215,0.0723529
1216,0.0288057
1217,0.0461308
1218,0.109392
1219,0.0629801
1220,0.0698771
1221,0.110784
1222,0.0256597
1223,0.0513588
1224,0.0721947
1225,0.0495866
1226,0.0652091
1227,0.122133
1228,0.0405521
1229,0.0393917
1230,0.047126
1231,0.135736
1232,0.0793397
1233,0.0382745
1234,0.0810601
1235,0.0812167
1236,0.0711313
1237,0.0309216
1238,0.0644285
1239,0.149169
1240,0.108436
1241,0.0506141
1242,0.155047
1243,0.0460877
1244,0.0457839
1245,0.0750612
1246,0.0949413
1247,0.0393842
1248,0.0529716
1249,0.112682
1250,0.0394495
1251,0.0863175
1252,0.0941328
1253,0.0545053
1254,0.0863232
1255,0.10693
1256,0.101557
1257,0.00631947
1258,0.0921973
1259,0.077429
1260,0.0712371
1261,0.0748361
1262,0.0763763
1263,0.107304
1264,0.104761
1265,0.127508
1266,0.0968822
1267,0.0900739
1268,0.0990252
1269,0.0165363
1270,0.155419
1271,0.0252258
1272,0.0108737
1273,0.0592755
1274,0.0302306
1275,0.108426
1276,0.0909112
1277,0.0713487
1278,0.0199268
1279,0.128321
1280,0.125507
1281,0.0587737
1282,0.0373332
1283,0.0343931
1284,0.114336
1285,0.134295
1286,0.015826
1287,0.0768512
1288,0.0371784
1289,0.098186
1290,0.0602448
1291,0.0497279
1292,0.118446
1293,0.0454848
1294,0.0670446
1295,0.0955009
1296,0.0890952
1297,0.100088
1298,0.0433687
1299,0.114098
1300,0.0397475
1301,0.0657605
1302,0.120932
1303,0.0581682
1304,0.0901556
1305,0.0564533
1306,0.0232287
1307,0.0401028
1308,0.0510675
1309,0.0838512
1310,0.0359856
1311,0.0173171
1312,0.0454657
1313,0.09234
1314,0.151984
1315,0.12292
1316,0.0551447
1317,0.122577
1318,0.107624
1319,0.0556642
1320,0.130838
1321,0.0985114
1322,0.133263
1323,0.0562504
1324,0.10375
1325,0.0336514
1326,0.0935269
1327,0.103118
1328,0.0797323
1329,0.0667388
1330,0.0307825
1331,0.0451066
1332,0.0242054
1333,0.0287876
1334,0.0536669
1335,0.00966843
1336,0.0195635
1337,0.0346317
1338,0.0558162
1339,0.0963066
1340,0.00819374
1341,0.153081
1342,0.0989258
1343,0.0402494
1344,0.0581862
1345,0.0481541
1346,0.0805776
1347,0.0680946
1348,0.0575748
1349,0.0547065
1350,0.0519602
1351,0.0786464
1352,0.0145154
1353,0.130497
1354,0.0957501
1355,0.0659721
1356,0.0391771
1357,0.0594932
1358,0.072726
1359,0.0104079
1360,0.0974822
1361,0.110119
1362,0.0187783
1363,0.151114
1364,0.0761862
1365,0.0333997
1366,0.0826695
1367,0.0422779
1368,0.0806698
1369,0.119444
1370,0.0326096
1371,0.0852763
1372,0.0802543
1373,0.117029
1374,0.114474
1375,0.0380987
1376,0.0656713
1377,0.0769934
1378,0.0302962
1379,0.0464574
1380,0.090566
1381,0.105339
1382,0.110419
1383,0.0318781
1384,0.102846
1385,0.0606449
1386,0.0378087
1387,0.115057
1388,0.0375535
1389,0.0558179
1390,0.174165
1391,0.071542
1392,0.088723
1393,0.098713
1394,0.0236568
1395,0.101676
1396,0.0718948
1397,0.0646248
1398,0.00506774
1399,0.149615
1400,0.127808
1401,0.157396
1402,0.0213079
1403,0.122921
1404,0.0870146
1405,0.139944
1406,0.0790858
1407,0.0440713
1408,0.0981556
1409,0.0522038
1410,0.0434404
1411,0.0364943
1412,0.069441
1413,0.0183264
1414,0.0808778
1415,0.0791518
1416,0.124776
1417,0.0729111
1418,0.108995
1419,0.0645548
1420,0.0992428
1421,0.0569478
1422,0.0393828
1423,0.028652
1424,0.0444381
1425,0.0578348
1426,0.0334644
1427,0.193414
1428,0.0791537
1429,0.0801885
1430,0.00382045
1431,0.0525803
1432,0.148053
1433,0.0323318
1434,0.0334695
1435,0.0698617
1436,0.0490603
1437,0.126373
1438,0.0294028
1439,0.0461154
1440,0.0769152
1441,0.104387
1442,0.104376
1443,0.0558507
1444,0.161604
1445,0.059858
1446,0.0514222
1447,0.0657996
1448,0.0730939
1449,0.0843986
1450,0.0842884
1451,0.0511627
1452,0.0531313
1453,0.0266134
1454,0.103392
1455,0.0776467
1456,0.0623827
1457,0.0849369
1458,0.0611739
1459,0.0285957
1460,0.130707
1461,0.129985
1462,0.0297031
1463,0.0915024
1464,0.0440247
1465,0.0267043
1466,0.0346662
1467,0.0304547
1468,0.104425
1469,0.0824304
1470,0.0505795
1471,0.203173
1472,0.0786679
1473,0.0212594
1474,0.0333328
1475,0.0773191
1476,0.0258054
1477,0.110995
1478,0.0140069
1479,0.0629517
1480,0.0546642
1481,0.093279
1482,0.121123
1483,0.0737444
1484,0.0868958
1485,0.113815
1486,0.11881
1487,0.0166652
1488,0.0781552
1489,0.0856187
1490,0.147402
1491,0.0766293
1492,0.023605
1493,0.0670795
1494,0.0523096
1495,0.0613236
1496,0.0789749
1497,0.0236828
1498,0.0390466
1499,0.06451
1500,0.0443763
1501,0.0389215
1502,0.137158
1503,0.0430639
1504,0.0188657
1505,0.102929
1506,0.0698726
1507,0.0595542
1508,0.149972
1509,0.0727872
1510,0.0196346
1511,0.0702772
1512,0.131818
1513,0.100045
1514,0.126187
1515,0.123176
1516,0.0404431
1517,0.132666
1518,0.040116
1519,0.0603672
1520,0.0581353
1521,0.0531393
1522,0.0821381
1523,0.0701767
1524,0.0921882
1525,0.128765
1526,0.0809839
1527,0.0873697
1528,0.052779
1529,0.0213335
1530,0.0749895
1531,0.056713
1532,0.0716298
1533,0.11643
1534,0.188525
1535,0.0289642
1536,0.15928
1537,0.0804296
1538,0.0693977
1539,0.0413671
1540,0.112071
1541,0.140742
1542,0.0501685
1543,0.0349922
1544,0.112392
1545,0.0294898
1546,0.09202
1547,0.0284715
1548,0.145734
1549,0.0581676
1550,0.0262914
1551,0.057979
1552,0.128016
1553,0.117424
1554,0.0141268
1555,0.0603418
1556,0.139655
1557,0.0477386
1558,0.0819024
1559,0.11381
1560,0.0615891
1561,0.103716
1562,0.16257
1563,0.0292191
1564,0.0226334
1565,0.081846
1566,0.0653323
1567,0.048489
1568,0.170347
1569,0.093864
1570,0.0396859
1571,0.0732198
1572,0.0339077
1573,0.0720123
1574,0.0489289
1575,0.0476892
1576,0.0893361
1577,0.151691
1578,0.0518119
1579,0.13487
1580,0.0360164
1581,0.102633
1582,0.0303987
1583,0.0712655
1584,0.1348
1585,0.0293913
1586,0.0675416
1587,0.0751995
1588,0.0382386
1589,0.0604624
1590,0.0484061
1591,0.0460519
1592,0.0962571
1593,0.00462425
1594,0.0724485
1595,0.0360873
1596,0.0600125
1597,0.0388547
1598,0.0616237
1599,0.195543
1600,0.0877494
1601,0.0592898
1602,0.0218063
1603,0.0449668
1604,0.0573649
1605,0.107197
1606,0.0870796
1607,0.0523596
1608,0.08482
1609,0.119413
1610,0.0826602
1611,0.0278473
1612,0.0955079
1613,0.0678599
1614,0.0558087
1615,0.0398209
1616,0.0739567
1617,0.0873975
1618,0.0742131
1619,0.0876125
1620,0.00569548
1621,0.0894012
1622,0.125568
1623,0.0897859
1624,0.0144607
1625,0.0267424
1626,0.163705
1627,0.00792504
1628,0.0518613
1629,0.216879
1630,0.116991
1631,0.0827808
1632,0.0370846
1633,0.103445
1634,0.117606
1635,0.169037
1636,0.0850317
1637,0.0481471
1638,0.0677509
1639,0.0213079
1640,0.127598
1641,0.120975
1642,0.062131
1643,0.0527513
1644,0.0391816
1645,0.0903864
1646,0.0583275
1647,0.0787306
1648,0.0336601
1649,0.0714257
1650,0.0598311
1651,0.0380626
1652,0.0867908
1653,0.133927
1654,0.0464588
1655,0.0863439
1656,0.0670945
1657,0.0247809
1658,0.109985
1659,0.0534107
1660,0.126461
1661,0.0541286
1662,0.0426893
1663,0.0958611
1664,0.0887103
1665,0.0673304
1666,0.0215112
1667,0.0502734
1668,0.0213342
1669,0.0384799
1670,0.0460761
1671,0.0235623
1672,0.0757035
1673,0.0453083
1674,0.0652803
1675,0.0065415
1676,0.0155326
1677,0.101354
1678,0.102506
1679,0.0842834
1680,0.0465778
1681,0.108093
1682,0.0649162
1683,0.121885
1684,0.111023
1685,0.0628039
1686,0.059853
1687,0.0442347
1688,0.108112
1689,0.170562
1690,0.0725412
1691,0.0355431
1692,0.0890744
1693,0.00633078
1694,0.030196
1695,0.07351
1696,0.0530716
1697,0.0877686
1698,0.0742337
1699,0.025768
1700,0.0798364
1701,0.0717065
1702,0.0684574
1703,0.0252238
1704,0.0657462
1705,0.0885881
1706,0.0675081
1707,0.0946129
1708,0.0447574
1709,0.0105108
1710,0.0572524
1711,0.0681616
1712,0.0718443
1713,0.14622
1714,0.0843547
1715,0.0429154
1716,0.0420351
1717,0.0547735
1718,0.10945
1719,0.0568723
1720,0.0719431
1721,0.132438
1722,0.0261017
1723,0.048527
1724,0.0537414
1725,0.0562658
1726,0.0174098
1727,0.0838275
1728,0.104752
1729,0.102184
1730,0.124136
1731,0.129978
1732,0.149279
1733,0.0253606
1734,0.100671
1735,0.0177367
1736,0.0362402
1737,0.0692578
1738,0.117713
1739,0.0355171
1740,0.0101227
1741,0.0624225
1742,0.143279
1743,0.0139521
1744,0.0784903
1745,0.026947
1746,0.0715928
1747,0.0233421
1748,0.0368251
1749,0.0819396
1750,0.0913084
1751,0.031904
1752,0.158103
1753,0.0975668
1754,0.0470955
1755,0.0549259
1756,0.0676932
1757,0.0813374
1758,0.122794
1759,0.031836
1760,0.0467378
1761,0.0589271
1762,0.0197792
1763,0.0596104
1764,0.04124
1765,0.148962
1766,0.0478774
1767,0.0879319
1768,0.0886774
1769,0.0503282
1770,0.123356
1771,0.09442
1772,0.0870943
1773,0.0419911
1774,0.0288597
1775,0.103667
1776,0.0134101
1777,0.0841689
1778,0.0911502
1779,0.0890165
1780,0.00241997
1781,0.096199
1782,0.0502508
1783,0.0592214
1784,0.0334714
1785,0.0229728
1786,0.0658915
1787,0.0726935
1788,0.00916819
1789,0.0723991
1790,0.0371602
1791,0.0585737
1792,0.0830667
1793,0.0577202
1794,0.041872
1795,0.0690683
1796,0.109512
1797,0.0670182
1798,0.058226
1799,0.0528062
1800,0.0229126
1801,0.0500762
1802,0.0206275
1803,0.0209788
1804,0.041038
1805,0.058282
1806,0.0932017
1807,0.0899183
1808,0.173996
1809,0.0499225
1810,0.0925156
1811,0.0687528
1812,0.0531258
1813,0.0731964
1814,0.0862117
1815,0.100845
1816,0.0408931
1817,0.0339847
1818,0.0170367
1819,0.104377
1820,0.0615277
1821,0.144867
1822,0.0325756
1823,0.11201
1824,0.0311864
1825,0.0763703
1826,0.0352792
1827,0.0570465
1828,0.0837863
1829,0.0187073
1830,0.0160186
1831,0.0140471
1832,0.0695795
1833,0.0637915
1834,0.0814645
1835,0.0733362
1836,0.00401217
1837,0.0382944
1838,0.0434337
1839,0.0478572
1840,0.132869
1841,0.0867512
1842,0.0969274
1843,0.0928619
1844,0.00754544
1845,0.0570173
1846,0.0971873
1847,0.0406662
1848,0.0907901
1849,0.053916
1850,0.0977154
1851,0.0424046
1852,0.0273749
1853,0.0436986
1854,0.144983
1855,0.0916253
1856,0.0153584
1857,0.0976584
1858,0.0970728
1859,0.0227636
1860,0.060732
1861,0.0854727
1862,0.0250845
1863,0.0868655
1864,0.0342952
1865,0.0799988
1866,0.0646697
1867,0.0310625
1868,0.0346947
1869,0.0837175
1870,0.0216609
1871,0.153334
1872,0.00444021
1873,0.0983813
1874,0.0962246
1875,0.0321183
1876,0.080376
1877,0.0572252
1878,0.0140048
1879,0.0885537
1880,0.080021
1881,0.0783828
1882,0.0181857
1883,0.0453909
1884,0.127124
1885,0.0283803
1886,0.0890737
1887,0.129218
1888,0.0708548
1889,0.00260737
1890,0.0866345
1891,0.0523211
1892,0.0720522
1893,0.12492
1894,0.0603552
1895,0.0398836
1896,0.055
1897,0.0654345
1898,0.0597577
1899,0.107724
1900,0.0783192
1901,0.0367708
1902,0.111905
1903,0.0981914
1904,0.0333096
1905,0.0992455
1906,0.058375
1907,0.0722238
1908,0.0659602
1909,0.0895147
1910,0.1295
1911,0.0504936
1912,0.0720512
1913,0.0809687
1914,0.10972
1915,0.109728
1916,0.120726
1917,0.0344898
1918,0.115676
1919,0.101161
1920,0.0896974
1921,0.0995113
1922,0.0675986
1923,0.0676476
1924,0.0176062
1925,0.134037
1926,0.0616744
1927,0.215164
1928,0.0893151
1929,0.0769961
1930,0.0660583
1931,0.0833737
1932,0.0344916
1933,0.0576435
1934,0.0586373
1935,0.0769743
1936,0.143676
1937,0.111538
1938,0.115698
1939,0.0357826
1940,0.0758217
1941,0.0668923
1942,0.0585723
1943,0.115215
1944,0.0704771
1945,0.0816539
1946,0.124816
1947,0.0415945
1948,0.0685572
1949,0.0371657
1950,0.0928293
1951,0.0361268
1952,0.0377827
1953,0.0561207
1954,0.0663369
1955,0.0821846
1956,0.0909075
1957,0.0701364
1958,0.0178124
1959,0.0621462
1960,0.10729
1961,0.0197005
1962,0.0289128
1963,0.0667723
1964,0.115547
1965,0.0467319
1966,0.043518
1967,0.073167
1968,0.0921604
1969,0.0257666
1970,0.06652
1971,0.0597069
1972,0.0162711
1973,0.0234045
1974,0.0188492
1975,0.0778606
1976,0.0607227
1977,0.0552882
1978,0.00878594
1979,0.0275198
1980,0.0457385
1981,0.198403
1982,0.0124854
1983,0.0291467
1984,0.0975581
1985,0.0441395
1986,0.0452218
1987,0.0574734
1988,0.0616408
1989,0.129743
1990,0.104853
1991,0.0458879
1992,0.146397
1993,0.0862566
1994,0.0444673
1995,0.132101
1996,0.0980497
1997,0.0586335
1998,0.102364
1999,0.173515
2000,0.179819
2001,0.114868
2002,0.175756
2003,0.182071
2004,0.0658487
2005,0.0471635
2006,0.0912716
2007,0.0887709
2008,0.0603437
2009,0.0528436
2010,0.0881866
2011,0.15091
2012,0.0255528
2013,0.060661
2014,0.127623
2015,0.0569792
2016,0.113505
2017,0.0607949
2018,0.0168612
2019,0.00855266
2020,0.0775324
2021,0.0969217
2022,0.114188
2023,0.104618
2024,0.103605
2025,0.117364
2026,0.0735943
2027,0.0295362
2028,0.0385848
2029,0.0128083
2030,0.133841
2031,0.0381055
2032,0.140431
2033,0.0231761
2034,0.0653729
2035,0.0442424
2036,0.0816355
2037,0.0629929
2038,0.0373233
2039,0.0356978
2040,0.00561515
2041,0.102
2042,0.0553471
2043,0.0432768
2044,0.0936795
2045,0.0551916
2046,0.0784321
2047,0.085256
2048,0.0583248
2049,0.0244629
2050,0.0284258
2051,0.0788272
2052,0.0493341
2053,0.0346938
2054,0.0794651
2055,0.0182357
2056,0.0607693
2057,0.0997007
2058,0.0376462
2059,0.014755
2060,0.058031
2061,0.133861
2062,0.0939329
2063,0.054362
2064,0.0297434
2065,0.0204976
2066,0.0920954
2067,0.0574968
2068,0.0306426
2069,0.0461226
2070,0.0511554
2071,0.0516775
2072,0.0649412
2073,0.066211
2074,0.070432
2075,0.0540839
2076,0.0586573
2077,0.0415877
2078,0.0848705
2079,0.0228613
2080,0.0700857
2081,0.0385646
2082,0.0732484
2083,0.0354588
2084,0.0813177
2085,0.124619
2086,0.0421282
2087,0.0923837
2088,0.0430748
2089,0.0837433
2090,0.0286072
2091,0.0486172
2092,0.048001
2093,0.102366
2094,0.0634419
2095,0.0876238
2096,0.036864
2097,0.096585
2098,0.0889447
2099,0.026956
2100,0.0868632
2101,0.0510174
2102,0.107497
2103,0.101413
2104,0.155028
2105,0.0259727
2106,0.0441964
2107,0.0515226
2108,0.0380296
2109,0.00898761
2110,0.102307
2111,0.0696337
2112,0.110143
2113,0.0722263
2114,0.0434895
2115,0.0784779
2116,0.0328841
2117,0.0748132
2118,0.0657354
2119,0.0420219
2120,0.077808
2121,0.0454953
2122,0.0597817
2123,0.155389
2124,0.0420391
2125,0.0548564
2126,0.0951591
2127,0.18606
2128,0.08447
2129,0.0361415
2130,0.0732187
2131,0.0932657
2132,0.0837669
2133,0.0711827
2134,0.0405581
2135,0.0306438
2136,0.153375
2137,0.09018
2138,0.039177
2139,0.104026
2140,0.104666
2141,0.156047
2142,0.0947251
2143,0.0138757
2144,0.0352296
2145,0.06768
2146,0.0899672
2147,0.0683581
2148,0.0652744
2149,0.0884307
2150,0.098612
2151,0.16206
2152,0.0330886
2153,0.137163
2154,0.0646386
2155,0.0676528
2156,0.0573922
2157,0.0363276
2158,0.0348284
2159,0.0303073
2160,0.12038
2161,0.0690966
2162,0.0186502
2163,0.0672051
2164,0.0437239
2165,0.0864275
2166,0.0205395
2167,0.0511358
2168,0.0825512
2169,0.0918637
2170,0.0551935
2171,0.018906
2172,0.0428538
2173,0.00282709
2174,0.106804
2175,0.170172
2176,0.0814606
2177,0.0253514
2178,0.079537
2179,0.0164501
2180,0.0676458
2181,0.0905255
2182,0.0356841
2183,0.0599934
2184,0.0611614
2185,0.06576
2186,0.0847258
2187,0.0704176
2188,0.0905595
2189,0.0818491
2190,0.0617721
2191,0.0723721
2192,0.0121523
2193,0.0176903
2194,0.115757
2195,0.114135
2196,0.0688805
2197,0.0819078
2198,0.094321
2199,0.110848
2200,0.108872
2201,0.0334798
2202,0.0383306
2203,0.0783229
2204,0.0529566
2205,0.0115729
2206,0.0625975
2207,0.0510504
2208,0.0462582
2209,0.120041
2210,0.227055
2211,0.0423326
2212,0.0696248
2213,0.13053
2214,0.0432082
2215,0.0947668
2216,0.0325931
2217,0.0217072
2218,0.079023
2219,0.0728932
2220,0.0977605
2221,0.0236173
2222,0.0933204
2223,0.0618881
2224,0.106475
2225,0.0572609
2226,0.024575
2227,0.0240865
2228,0.132421
2229,0.105974
2230,0.0504145
2231,0.0656624
2232,0.0330643
2233,0.0949138
2234,0.128302
2235,0.0314253
2236,0.0621212
2237,0.078403
2238,0.0882792
2239,0.0717363
2240,0.0743695
2241,0.0185131
2242,0.0579781
2243,0.039442
2244,0.105194
2245,0.0565045
2246,0.0802764
2247,0.0365131
2248,0.0560512
2249,0.0670251
2250,0.0845034
2251,0.0549593
2252,0.102508
2253,0.0842732
2254,0.0688239
2255,0.0714683
2256,0.0163909
2257,0.0900827
2258,0.0222617
2259,0.114835
2260,0.0228754
2261,0.0257016
2262,0.0758588
2263,0.052671
2264,0.0850735
2265,0.0312083
2266,0.0957036
2267,0.0866096
2268,0.088627
2269,0.0539766
2270,0.0440186
2271,0.0923239
2272,0.0778127
2273,0.0130296
2274,0.0912904
2275,0.0356089
2276,0.0635753
2277,0.0305171
2278,0.0638229
2279,0.0548085
2280,0.112305
2281,0.0668979
2282,0.0713586
2283,0.0499166
2284,0.0670434
2285,0.0713532
2286,0.00028347
2287,0.0445789
2288,0.0803377
2289,0.0274142
2290,0.0967883
2291,0.0898293
2292,0.0563282
2293,0.0521474
2294,0.0478693
2295,0.126474
2296,0.128078
2297,0.0298409
2298,0.0859475
2299,0.0283225
2300,0.0521128
2301,0.0558345
2302,0.0506641
2303,0.0663936
2304,0.0815016
2305,0.0235055
2306,0.0668696
2307,0.0275675
2308,0.0146291
2309,0.0313543
2310,0.0448197
2311,0.0792053
2312,0.0566555
2313,0.0281011
2314,0.0735339
2315,0.0438053
2316,0.0549773
2317,0.0654041
2318,0.151727
2319,0.0562599
2320,0.0344081
2321,0.0503642
2322,0.157805
2323,0.0920015
2324,0.0659047
2325,0.0547823
2326,0.0247254
2327,0.124031
2328,0.0403474
2329,0.0248253
2330,0.0816677
2331,0.0377546
2332,0.100453
2333,0.0941111
2334,0.071344
2335,0.062092
2336,0.117935
2337,0.042737
2338,0.0447108
2339,0.0471014
2340,0.124051
2341,0.0245462
2342,0.0293063
2343,0.0204075
2344,0.0764465
2345,0.0659131
2346,0.0295788
2347,0.0361742
2348,0.0952563
2349,0.0874324
2350,0.145288
2351,0.0616993
2352,0.0529858
2353,0.0801897
2354,0.0636128
2355,0.0883769
2356,0.101118
2357,0.138834
2358,0.14973
2359,0.059776
2360,0.117545
2361,0.0922038
2362,0.0675331
2363,0.0794697
2364,0.038571
2365,0.0639145
2366,0.0802275
2367,0.0393915
2368,0.138877
2369,0.0357439
2370,0.0249532
2371,0.0656321
2372,0.0393808
2373,0.0413499
2374,0.0831823
2375,0.116836
2376,0.094855
2377,0.0371671
2378,0.127686
2379,0.0196297
2380,0.0207267
2381,0.0805034
2382,0.177421
2383,0.0404354
2384,0.117015
2385,0.0464515
2386,0.041704
2387,0.0766945
2388,0.0291057
2389,0.0848104
2390,0.0989748
2391,0.0407648
2392,0.0661295
2393,0.0598743
2394,0.0902867
2395,0.0623129
2396,0.127023
2397,0.134678
2398,0.116101
2399,0.0951577
2400,0.0458966
2401,0.0664256
2402,0.0913299
2403,0.143096
2404,0.122144
2405,0.0508547
2406,0.0855725
2407,0.11427
2408,0.0387539
2409,0.0400383
2410,0.038028
2411,0.0607118
2412,0.135077
2413,0.121647
2414,0.0569436
2415,0.0258621
2416,0.0246239
2417,0.046571
2418,0.0688174
2419,0.091253
2420,0.029254
2421,0.02452
2422,0.108673
2423,0.0170285
2424,0.10246
2425,0.192451
2426,0.103386
2427,0.0723459
2428,0.0732641
2429,0.0607971
2430,0.0881497
2431,0.0609
2432,0.0796038
2433,0.111845
2434,0.0541196
2435,0.0749311
2436,0.174513
2437,0.0887487
2438,0.153179
2439,0.256301
2440,0.387197
2441,0.969395
2442,1.06095
2443,0.364537
2444,0.143258
2445,0.1541
2446,0.173187
2447,0.0565672
2448,0.088466
2449,0.105135
2450,0.173694
2451,0.112615
2452,0.0177676
2453,0.159405
2454,0.0975517
2455,0.0171003
2456,0.0678896
2457,0.0796502
2458,0.126206
2459,0.0456861
2460,0.0494923
2461,0.0676914
2462,0.0464048
2463,0.0546923
2464,0.092296
2465,0.149263
2466,0.126995
2467,0.0254766
2468,0.15973
2469,0.0685337
2470,0.100189
2471,0.0158748
2472,0.0797515
2473,0.063991
2474,0.0318516
2475,0.0411987
2476,0.113677
2477,0.0237489
2478,0.10551
2479,0.077274
2480,0.0128787
2481,0.0896831
2482,0.0199543
2483,0.0671442
2484,0.104894
2485,0.0334541
2486,0.0935625
2487,0.133479
2488,0.105754
2489,0.0806136
2490,0.119793
2491,0.0377364
2492,0.103093
2493,0.0609792
2494,0.0487105
2495,0.0291439
2496,0.0506006
2497,0.128639
2498,0.340792
2499,0.325161
2500,0.180511
2501,0.325161
2502,0.340792
2503,0.128639
2504,0.0506006
2505,0.0291439
2506,0.0487105
2507,0.0609792
2508,0.103093
2509,0.0377364
2510,0.119793
2511,0.0806136
2512,0.105754
2513,0.133479
2514,0.0935625
2515,0.0334541
2516,0.104894
2517,0.0671442
2518,0.0199543
2519,0.0896831
2520,0.0128787
2521,0.077274
2522,0.10551
2523,0.0237489
2524,0.113677
2525,0.0411987
2526,0.0318516
2527,0.063991
2528,0.0797515
2529,0.0158748
2530,0.100189
2531,0.0685337
2532,0.15973
2533,0.0254766
2534,0.126995
2535,0.149263
2536,0.092296
2537,0.0546923
2538,0.0464048
2539,0.0676914
2540,0.0494923
2541,0.0456861
2542,0.126206
2543,0.0796502
2544,0.0678896
2545,0.0171003
2546,0.0975517
2547,0.159405
2548,0.0177676
2549,0.112615
2550,0.173694
2551,0.105135
2552,0.088466
2553,0.0565672
2554,0.173187
2555,0.1541
2556,0.143258
2557,0.364537
2558,1.06095
2559,0.969395
2560,0.387197
2561,0.256301
2562,0.153179
2563,0.0887487
2564,0.174513
2565,0.0749311
2566,0.0541196
2567,0.111845
2568,0.0796038
2569,0.0609
2570,0.0881497
2571,0.0607971
2572,0.0732641
2573,0.0723459
2574,0.103386
2575,0.192451
2576,0.10246
2577,0.0170285
2578,0.108673
2579,0.02452
2580,0.029254
2581,0.091253
2582,0.0688174
2583,0.046571
2584,0.0246239
2585,0.0258621
2586,0.0569436
2587,0.121647
2588,0.135077
2589,0.0607118
2590,0.038028
2591,0.0400383
2592,0.0387539
2593,0.11427
2594,0.0855725
2595,0.0508547
2596,0.122144
2597,0.143096
2598,0.0913299
2599,0.0664256
2600,0.0458966
2601,0.0951577
2602,0.116101
2603,0.134678
2604,0.127023
2605,0.0623129
2606,0.0902867
2607,0.0598743
2608,0.0661295
2609,0.0407648
2610,0.0989748
2611,0.0848104
2612,0.0291057
2613,0.0766945
2614,0.041704
2615,0.0464515
2616,0.117015
2617,0.0404354
2618,0.177421
2619,0.0805034
2620,0.0207267
2621,0.0196297
2622,0.127686
2623,0.0371671
2624,0.094855
2625,0.116836
2626,0.0831823
2627,0.0413499
2628,0.0393808
2629,0.0656321
2630,0.0249532
2631,0.0357439
2632,0.138877
2633,0.0393915
2634,0.0802275
2635,0.0639145
2636,0.038571
2637,0.0794697
2638,0.0675331
2639,0.0922038
2640,0.117545
2641,0.059776
2642,0.14973
2643,0.138834
2644,0.101118
2645,0.0883769
2646,0.0636128
2647,0.0801897
2648,0.0529858
2649,0.0616993
2650,0.145288
2651,0.0874324
2652,0.0952563
2653,0.0361742
2654,0.0295788
2655,0.0659131
2656,0.0764465
2657,0.0204075
2658,0.0293063
2659,0.0245462
2660,0.124051
2661,0.0471014
2662,0.0447108
2663,0.042737
2664,0.117935
2665,0.062092
2666,0.071344
2667,0.0941111
2668,0.100453
2669,0.0377546
2670,0.0816677
2671,0.0248253
2672,0.0403474
2673,0.124031
2674,0.0247254
2675,0.0547823
2676,0.0659047
2677,0.0920015
2678,0.157805
2679,0.0503642
2680,0.0344081
2681,0.0562599
2682,0.151727
2683,0.0654041
2684,0.0549773
2685,0.0438053
2686,0.0735339
2687,0.0281011
2688,0.0566555
2689,0.0792053
2690,0.0448197
2691,0.0313543
2692,0.0146291
2693,0.0275675
2694,0.0668696
2695,0.0235055
2696,0.0815016
2697,0.0663936
2698,0.0506641
2699,0.0558345
2700,0.0521128
2701,0.0283225
2702,0.0859475
2703,0.0298409
2704,0.128078
2705,0.126474
2706,0.0478693
2707,0.0521474
2708,0.0563282
2709,0.0898293
2710,0.0967883
2711,0.0274142
2712,0.0803377
2713,0.0445789
2714,0.00028347
2715,0.0713532
2716,0.0670434
2717,0.0499166
2718,0.0713586
2719,0.0668979
2720,0.112305
2721,0.0548085
2722,0.0638229
2723,0.0305171
2724,0.0635753
2725,0.0356089
2726,0.0912904
2727,0.0130296
2728,0.0778127
2729,0.0923239
2730,0.0440186
2731,0.0539766
2732,0.088627
2733,0.0866096
2734,0.0957036
2735,0.0312083
2736,0.0850735
2737,0.052671
2738,0.0758588
2739,0.0257016
2740,0.0228754
2741,0.114835
2742,0.0222617
2743,0.0900827
2744,0.0163909
2745,0.0714683
2746,0.0688239
2747,0.0842732
2748,0.102508
2749,0.0549593
2750,0.0845034
2751,0.0670251
2752,0.0560512
2753,0.0365131
2754,0.0802764
2755,0.0565045
2756,0.105194
2757,0.039442
2758,0.0579781
2759,0.0185131
2760,0.0743695
2761,0.0717363
2762,0.0882792
2763,0.078403
2764,0.0621212
2765,0.0314253
2766,0.128302
2767,0.0949138
2768,0.0330643
2769,0.0656624
2770,0.0504145
2771,0.105974
2772,0.132421
2773,0.0240865
2774,0.024575
2775,0.0572609
2776,0.106475
2777,0.0618881
2778,0.0933204
2779,0.0236173
2780,0.0977605
2781,0.0728932
2782,0.079023
2783,0.0217072
2784,0.0325931
2785,0.0947668
2786,0.0432082
2787,0.13053
2788,0.0696248
2789,0.0423326
2790,0.227055
2791,0.120041
2792,0.0462582
2793,0.0510504
2794,0.0625975
2795,0.0115729
2796,0.0529566
2797,0.0783229
2798,0.0383306
2799,0.0334798
2800,0.108872
2801,0.110848
2802,0.094321
2803,0.0819078
2804,0.0688805
2805,0.114135
2806,0.115757
2807,0.0176903
2808,0.0121523
2809,0.0723721
2810,0.0617721
2811,0.0818491
2812,0.0905595
2813,0.0704176
2814,0.0847258
2815,0.06576
2816,0.0611614
2817,0.0599934
2818,0.0356841
2819,0.0905255
2820,0.0676458
2821,0.0164501
2822,0.079537
2823,0.0253514
2824,0.0814606
2825,0.170172
2826,0.106804
2827,0.00282709
2828,0.0428538
2829,0.018906
2830,0.0551935
2831,0.0918637
2832,0.0825512
2833,0.0511358
2834,0.0205395
2835,0.0864275
2836,0.0437239
2837,0.0672051
2838,0.0186502
2839,0.0690966
2840,0.12038
2841,0.0303073
2842,0.0348284
2843,0.0363276
2844,0.0573922
2845,0.0676528
2846,0.0646386
2847,0.137163
2848,0.0330886
2849,0.16206
2850,0.098612
2851,0.0884307
2852,0.0652744
2853,0.0683581
2854,0.0899672
2855,0.06768
2856,0.0352296
2857,0.0138757
2858,0.0947251
2859,0.156047
2860,0.104666
2861,0.104026
2862,0.039177
2863,0.09018
2864,0.153375
2865,0.0306438
2866,0.0405581
2867,0.0711827
2868,0.0837669
2869,0.0932657
2870,0.0732187
2871,0.0361415
2872,0.08447
2873,0.18606
2874,0.0951591
2875,0.0548564
2876,0.0420391
2877,0.155389
2878,0.0597817
2879,0.0454953
2880,0.077808
2881,0.0420219
2882,0.0657354
2883,0.0748132
2884,0.0328841
2885,0.0784779
2886,0.0434895
2887,0.0722263
2888,0.110143
2889,0.0696337
2890,0.102307
2891,0.00898761
2892,0.0380296
2893,0.0515226
2894,0.0441964
2895,0.0259727
2896,0.155028
2897,0.101413
2898,0.107497
2899,0.0510174
2900,0.0868632
2901,0.026956
2902,0.0889447
2903,0.096585
2904,0.036864
2905,0.0876238
2906,0.0634419
2907,0.102366
2908,0.048001
2909,0.0486172
2910,0.0286072
2911,0.0837433
2912,0.0430748
2913,0.0923837
2914,0.0421282
2915,0.124619
2916,0.0813177
2917,0.0354588
2918,0.0732484
2919,0.0385646
2920,0.0700857
2921,0.0228613
2922,0.0848705
2923,0.0415877
2924,0.0586573
2925,0.0540839
2926,0.070432
2927,0.066211
2928,0.0649412
2929,0.0516775
2930,0.0511554
2931,0.0461226
2932,0.0306426
2933,0.0574968
2934,0.0920954
2935,0.0204976
2936,0.0297434
2937,0.054362
2938,0.0939329
2939,0.133861
2940,0.058031
2941,0.014755
2942,0.0376462
2943,0.0997007
2944,0.0607693
2945,0.0182357
2946,0.0794651
2947,0.0346938
2948,0.0493341
2949,0.0788272
2950,0.0284258
2951,0.0244629
2952,0.0583248
2953,0.085256
2954,0.0784321
2955,0.0551916
2956,0.0936795
2957,0.0432768
2958,0.0553471
2959,0.102
2960,0.00561515
2961,0.0356978
2962,0.0373233
2963,0.0629929
2964,0.0816355
2965,0.0442424
2966,0.0653729
2967,0.0231761
2968,0.140431
2969,0.0381055
2970,0.133841
2971,0.0128083
2972,0.0385848
2973,0.0295362
2974,0.0735943
2975,0.117364
2976,0.103605
2977,0.104618
2978,0.114188
2979,0.0969217
2980,0.0775324
2981,0.00855266
2982,0.0168612
2983,0.0607949
2984,0.113505
2985,0.0569792
2986,0.127623
2987,0.060661
2988,0.0255528
2989,0.15091
2990,0.0881866
2991,0.0528436
2992,0.0603437
2993,0.0887709
2994,0.0912716
2995,0.0471635
2996,0.0658487
2997,0.182071
2998,0.175756
2999,0.114868
3000,0.179819
3001,0.173515
3002,0.102364
3003,0.0586335
3004,0.0980497
3005,0.132101
3006,0.0444673
3007,0.0862566
3008,0.146397
3009,0.0458879
3010,0.104853
3011,0.129743
3012,0.0616408
3013,0.0574734
3014,0.0452218
3015,0.0441395
3016,0.0975581
3017,0.0291467
3018,0.0124854
3019,0.198403
3020,0.0457385
3021,0.0275198
3022,0.00878594
3023,0.0552882
3024,0.0607227
3025,0.0778606
3026,0.0188492
3027,0.0234045
3028,0.0162711
3029,0.0597069
3030,0.06652
3031,0.0257666
3032,0.0921604
3033,0.073167
3034,0.043518
3035,0.0467319
3036,0.115547
3037,0.0667723
3038,0.0289128
3039,0.0197005
3040,0.10729
3041,0.0621462
3042,0.0178124
3043,0.0701364
3044,0.0909075
3045,0.0821846
3046,0.0663369
3047,0.0561207
3048,0.0377827
3049,0.0361268
3050,0.0928293
3051,0.0371657
3052,0.0685572
3053,0.0415945
3054,0.124816
3055,0.0816539
3056,0.0704771
3057,0.115215
3058,0.0585723
3059,0.0668923
3060,0.0758217
3061,0.0357826
3062,0.115698
3063,0.111538
3064,0.143676
3065,0.0769743
3066,0.0586373
3067,0.0576435
3068,0.0344916
3069,0.0833737
3070,0.0660583
3071,0.0769961
3072,0.0893151
3073,0.215164
3074,0.0616744
3075,0.134037
3076,0.0176062
3077,0.0676476
3078,0.0675986
3079,0.0995113
3080,0.0896974
3081,0.101161
3082,0.115676
3083,0.0344898
3084,0.120726
3085,0.109728
3086,0.10972
3087,0.0809687
3088,0.0720512
3089,0.0504936
3090,0.1295
3091,0.0895147
3092,0.0659602
3093,0.0722238
3094,0.058375
3095,0.0992455
3096,0.0333096
3097,0.0981914
3098,0.111905
3099,0.0367708
3100,0.0783192
3101,0.107724
3102,0.0597577
3103,0.0654345
3104,0.055
3105,0.0398836
3106,0.0603552
3107,0.12492
3108,0.0720522
3109,0.0523211
3110,0.0866345
3111,0.00260737
3112,0.0708548
3113,0.129218
3114,0.0890737
3115,0.0283803
3116,0.127124
3117,0.0453909
3118,0.0181857
3119,0.0783828
3120,0.080021
3121,0.0885537
3122,0.0140048
3123,0.0572252
3124,0.080376
3125,0.0321183
3126,0.0962246
3127,0.0983813
3128,0.00444021
3129,0.153334
3130,0.0216609
3131,0.0837175
3132,0.0346947
3133,0.0310625
3134,0.0646697
3135,0.0799988
3136,0.0342952
3137,0.0868655
3138,0.0250845
3139,0.0854727
3140,0.060732
3141,0.0227636
3142,0.0970728
3143,0.0976584
3144,0.0153584
3145,0.0916253
3146,0.144983
3147,0.0436986
3148,0.0273749
3149,0.0424046
3150,0.0977154
3151,0.053916
3152,0.0907901
3153,0.0406662
3154,0.0971873
3155,0.0570173
3156,0.00754544
3157,0.0928619
3158,0.0969274
3159,0.0867512
3160,0.132869
3161,0.0478572
3162,0.0434337
3163,0.0382944
3164,0.00401217
3165,0.0733362
3166,0.0814645
3167,0.0637915
3168,0.0695795
3169,0.0140471
3170,0.0160186
3171,0.0187073
3172,0.0837863
3173,0.0570465
3174,0.0352792
3175,0.0763703
3176,0.0311864
3177,0.11201
3178,0.0325756
3179,0.144867
3180,0.0615277
3181,0.104377
3182,0.0170367
3183,0.0339847
3184,0.0408931
3185,0.100845
3186,0.0862117
3187,0.0731964
3188,0.0531258
3189,0.0687528
3190,0.0925156
3191,0.0499225
3192,0.173996
3193,0.0899183
3194,0.0932017
3195,0.058282
3196,0.041038
3197,0.0209788
3198,0.0206275
3199,0.0500762
3200,0.0229126
3201,0.0528062
3202,0.058226
3203,0.0670182
3204,0.109512
3205,0.0690683
3206,0.041872
3207,0.0577202
3208,0.0830667
3209,0.0585737
3210,0.0371602
3211,0.0723991
3212,0.00916819
3213,0.0726935
3214,0.0658915
3215,0.0229728
3216,0.0334714
3217,0.0592214
3218,0.0502508
3219,0.096199
3220,0.00241997
3221,0.0890165
3222,0.0911502
3223,0.0841689
3224,0.0134101
3225,0.103667
3226,0.0288597
3227,0.0419911
3228,0.0870943
3229,0.09442
3230,0.123356
3231,0.0503282
3232,0.0886774
3233,0.0879319
3234,0.0478774
3235,0.148962
3236,0.04124
3237,0.0596104
3238,0.0197792
3239,0.0589271
3240,0.0467378
3241,0.031836
3242,0.122794
3243,0.0813374
3244,0.0676932
3245,0.0549259
3246,0.0470955
3247,0.0975668
3248,0.158103
3249,0.031904
3250,0.0913084
3251,0.0819396
3252,0.0368251
3253,0.0233421
3254,0.0715928
3255,0.026947
3256,0.0784903
3257,0.0139521
3258,0.143279
3259,0.0624225
3260,0.0101227
3261,0.0355171
3262,0.117713
3263,0.0692578
3264,0.0362402
3265,0.0177367
3266,0.100671
3267,0.0253606
3268,0.149279
3269,0.129978
3270,0.124136
3271,0.102184
3272,0.104752
3273,0.0838275
3274,0.0174098
3275,0.0562658
3276,0.0537414
3277,0.048527
3278,0.0261017
3279,0.132438
3280,0.0719431
3281,0.0568723
3282,0.10945
3283,0.0547735
3284,0.0420351
3285,0.0429154
3286,0.0843547
3287,0.14622
3288,0.0718443
3289,0.0681616
3290,0.0572524
3291,0.0105108
3292,0.0447574
3293,0.0946129
3294,0.0675081
3295,0.0885881
3296,0.0657462
3297,0.0252238
3298,0.0684574
3299,0.0717065
3300,0.0798364
3301,0.025768
3302,0.0742337
3303,0.0877686
3304,0.0530716
3305,0.07351
3306,0.030196
3307,0.00633078
3308,0.0890744
3309,0.0355431
3310,0.0725412
3311,0.170562
3312,0.108112
3313,0.0442347
3314,0.059853
3315,0.0628039
3316,0.111023
3317,0.121885
3318,0.0649162
3319,0.108093
3320,0.0465778
3321,0.0842834
3322,0.102506
3323,0.101354
3324,0.0155326
3325,0.0065415
3326,0.0652803
3327,0.0453083
3328,0.0757035
3329,0.0235623
3330,0.0460761
3331,0.0384799
3332,0.0213342
3333,0.0502734
3334,0.0215112
3335,0.0673304
3336,0.0887103
3337,0.0958611
3338,0.0426893
3339,0.0541286
3340,0.126461
3341,0.0534107
3342,0.109985
3343,0.0247809
3344,0.0670945
3345,0.0863439
3346,0.0464588
3347,0.133927
3348,0.0867908
3349,0.0380626
3350,0.0598311
3351,0.0714257
3352,0.0336601
3353,0.0787306
3354,0.0583275
3355,0.0903864
3356,0.0391816
3357,0.0527513
3358,0.062131
3359,0.120975
3360,0.127598
3361,0.0213079
3362,0.0677509
3363,0.0481471
3364,0.0850317
3365,0.169037
3366,0.117606
3367,0.103445
3368,0.0370846
3369,0.0827808
3370,0.116991
3371,0.216879
3372,0.0518613
3373,0.00792504
3374,0.163705
3375,0.0267424
3376,0.0144607
3377,0.0897859
3378,0.125568
3379,0.0894012
3380,0.00569548
3381,0.0876125
3382,0.0742131
3383,0.0873975
3384,0.0739567
3385,0.0398209
3386,0.0558087
3387,0.0678599
3388,0.0955079
3389,0.0278473
3390,0.0826602
3391,0.119413
3392,0.08482
3393,0.0523596
3394,0.0870796
3395,0.107197
3396,0.0573649
3397,0.0449668
3398,0.0218063
3399,0.0592898
3400,0.0877494
3401,0.195543
3402,0.0616237
3403,0.0388547
3404,0.0600125
3405,0.0360873
3406,0.0724485
3407,0.00462425
3408,0.0962571
3409,0.0460519
3410,0.0484061
3411,0.0604624
3412,0.0382386
3413,0.0751995
3414,0.0675416
3415,0.0293913
3416,0.1348
3417,0.0712655
3418,0.0303987
3419,0.102633
3420,0.0360164
3421,0.13487
3422,0.0518119
3423,0.151691
3424,0.0893361
3425,0.0476892
3426,0.0489289
3427,0.0720123
3428,0.0339077
3429,0.0732198
3430,0.0396859
3431,0.093864
3432,0.170347
3433,0.048489
3434,0.0653323
3435,0.081846
3436,0.0226334
3437,0.0292191
3438,0.16257
3439,0.103716
3440,0.0615891
3441,0.11381
3442,0.0819024
3443,0.0477386
3444,0.139655
3445,0.0603418
3446,0.0141268
3447,0.117424
3448,0.128016
3449,0.057979
3450,0.0262914
3451,0.0581676
3452,0.145734
3453,0.0284715
3454,0.09202
3455,0.0294898
3456,0.112392
3457,0.0349922
3458,0.0501685
3459,0.140742
3460,0.112071
3461,0.0413671
3462,0.0693977
3463,0.0804296
3464,0.15928
3465,0.0289642
3466,0.188525
3467,0.11643
3468,0.0716298
3469,0.056713
3470,0.0749895
3471,0.0213335
3472,0.052779
3473,0.0873697
3474,0.0809839
3475,0.128765
3476,0.0921882
3477,0.0701767
3478,0.0821381
3479,0.0531393
3480,0.0581353
3481,0.0603672
3482,0.040116
3483,0.132666
3484,0.0404431
3485,0.123176
3486,0.126187
3487,0.100045
3488,0.131818
3489,0.0702772
3490,0.0196346
3491,0.0727872
3492,0.149972
3493,0.0595542
3494,0.0698726
3495,0.102929
3496,0.0188657
3497,0.0430639
3498,0.137158
3499,0.0389215
3500,0.0443763
3501,0.06451
3502,0.0390466
3503,0.0236828
3504,0.0789749
3505,0.0613236
3506,0.0523096
3507,0.0670795
3508,0.023605
3509,0.0766293
3510,0.147402
3511,0.0856187
3512,0.0781552
3513,0.0166652
3514,0.11881
3515,0.113815
3516,0.0868958
3517,0.0737444
3518,0.121123
3519,0.093279
3520,0.0546642
3521,0.0629517
3522,0.0140069
3523,0.110995
3524,0.0258054
3525,0.0773191
3526,0.0333328
3527,0.0212594
3528,0.0786679
3529,0.203173
3530,0.0505795
3531,0.0824304
3532,0.104425
3533,0.0304547
3534,0.0346662
3535,0.0267043
3536,0.0440247
3537,0.0915024
3538,0.0297031
3539,0.129985
3540,0.130707
3541,0.0285957
3542,0.0611739
3543,0.0849369
3544,0.0623827
3545,0.0776467
3546,0.103392
3547,0.0266134
3548,0.0531313
3549,0.0511627
3550,0.0842884
3551,0.0843986
3552,0.0730939
3553,0.0657996
3554,0.0514222
3555,0.059858
3556,0.161604
3557,0.0558507
3558,0.104376
3559,0.104387
3560,0.0769152
3561,0.0461154
3562,0.0294028
3563,0.126373
3564,0.0490603
3565,0.0698617
3566,0.0334695
3567,0.0323318
3568,0.148053
3569,0.0525803
3570,0.00382045
3571,0.0801885
3572,0.0791537
3573,0.193414
3574,0.0334644
3575,0.0578348
3576,0.0444381
3577,0.028652
3578,0.0393828
3579,0.0569478
3580,0.0992428
3581,0.0645548
3582,0.108995
3583,0.0729111
3584,0.124776
3585,0.0791518
3586,0.0808778
3587,0.0183264
3588,0.069441
3589,0.0364943
3590,0.0434404
3591,0.0522038
3592,0.0981556
3593,0.0440713
3594,0.0790858
3595,0.139944
3596,0.0870146
3597,0.122921
3598,0.0213079
3599,0.157396
3600,0.127808
3601,0.149615
3602,0.00506774
3603,0.0646248
3604,0.0718948
3605,0.101676
3606,0.0236568
3607,0.098713
3608,0.088723
3609,0.071542
3610,0.174165
3611,0.0558179
3612,0.0375535
3613,0.115057
3614,0.0378087
3615,0.0606449
3616,0.102846
3617,0.0318781
3618,0.110419
3619,0.105339
3620,0.090566
3621,0.0464574
3622,0.0302962
3623,0.0769934
3624,0.0656713
3625,0.0380987
3626,0.114474
3627,0.117029
3628,0.0802543
3629,0.0852763
3630,0.0326096
3631,0.119444
3632,0.0806698
3633,0.0422779
3634,0.0826695
3635,0.0333997
3636,0.0761862
3637,0.151114
3638,0.0187783
3639,0.110119
3640,0.0974822
3641,0.0104079
3642,0.072726
3643,0.0594932
3644,0.0391771
3645,0.0659721
3646,0.0957501
3647,0.130497
3648,0.0145154
3649,0.0786464
3650,0.0519602
3651,0.0547065
3652,0.0575748
3653,0.0680946
3654,0.0805776
3655,0.0481541
3656,0.0581862
3657,0.0402494
3658,0.0989258
3659,0.153081
3660,0.00819374
3661,0.0963066
3662,0.0558162
3663,0.0346317
3664,0.0195635
3665,0.00966843
3666,0.0536669
3667,0.0287876
3668,0.0242054
3669,0.0451066
3670,0.0307825
3671,0.0667388
3672,0.0797323
3673,0.103118
3674,0.0935269
3675,0.0336514
3676,0.10375
3677,0.0562504
3678,0.133263
3679,0.0985114
3680,0.130838
3681,0.0556642
3682,0.107624
3683,0.122577
3684,0.0551447
3685,0.12292
3686,0.151984
3687,0.09234
3688,0.0454657
3689,0.0173171
3690,0.0359856
3691,0.0838512
3692,0.0510675
3693,0.0401028
3694,0.0232287
3695,0.0564533
3696,0.0901556
3697,0.0581682
3698,0.120932
3699,0.0657605
3700,0.0397475
3701,0.114098
3702,0.0433687
3703,0.100088
3704,0.0890952
3705,0.0955009
3706,0.0670446
3707,0.0454848
3708,0.118446
3709,0.0497279
3710,0.0602448
3711,0.098186
3712,0.0371784
3713,0.0768512
3714,0.015826
3715,0.134295
3716,0.114336
3717,0.0343931
3718,0.0373332
3719,0.0587737
3720,0.125507
3721,0.128321
3722,0.0199268
3723,0.0713487
3724,0.0909112
3725,0.108426
3726,0.0302306
3727,0.0592755
3728,0.0108737
3729,0.0252258
3730,0.155419
3731,0.0165363
3732,0.0990252
3733,0.0900739
3734,0.0968822
3735,0.127508
3736,0.104761
3737,0.107304
3738,0.0763763
3739,0.0748361
3740,0.0712371
3741,0.077429
3742,0.0921973
3743,0.00631947
3744,0.101557
3745,0.10693
3746,0.0863232
3747,0.0545053
3748,0.0941328
3749,0.0863175
3750,0.0394495
3751,0.112682
3752,0.0529716
3753,0.0393842
3754,0.0949413
3755,0.0750612
3756,0.0457839
3757,0.0460877
3758,0.155047
3759,0.0506141
3760,0.108436
3761,0.149169
3762,0.0644285
3763,0.0309216
3764,0.0711313
3765,0.0812167
3766,0.0810601
3767,0.0382745
3768,0.0793397
3769,0.135736
3770,0.047126
3771,0.0393917
3772,0.0405521
3773,0.122133
3774,0.0652091
3775,0.0495866
3776,0.0721947
3777,0.0513588
3778,0.0256597
3779,0.110784
3780,0.0698771
3781,0.0629801
3782,0.109392
3783,0.0461308
3784,0.0288057
3785,0.0723529
3786,0.130771
3787,0.100869
3788,0.0426023
3789,0.0725971
3790,0.157812
3791,0.130655
3792,0.134083
3793,0.0322367
3794,0.156709
3795,0.0234585
3796,0.0638362
3797,0.0951675
3798,0.0673458
3799,0.0551304
3800,0.0751617
3801,0.076453
3802,0.029573
3803,0.164976
3804,0.0788107
3805,0.102674
3806,0.0824996
3807,0.0703878
3808,0.129449
3809,0.103537
3810,0.0802946
3811,0.0341343
3812,0.0502506
3813,0.0968298
3814,0.132247
3815,0.141454
3816,0.0801082
3817,0.147578
3818,0.14019
3819,0.0163553
3820,0.0178966
3821,0.129427
3822,0.0665884
3823,0.152764
3824,0.0414449
3825,0.0653756
3826,0.0774335
3827,0.0603982
3828,0.0868332
3829,0.118005
3830,0.116123
3831,0.0407075
3832,0.128146
3833,0.0490919
3834,0.0550892
3835,0.0498219
3836,0.00988101
3837,0.118776
3838,0.0528573
3839,0.0578897
3840,0.0718131
3841,0.0486087
3842,0.0642629
3843,0.0274938
3844,0.14882
3845,0.0596415
3846,0.0588655
3847,0.0170119
3848,0.0965896
3849,0.0769371
3850,0.0717593
3851,0.130823
3852,0.156256
3853,0.103261
3854,0.0798119
3855,0.10356
3856,0.131423
3857,0.0742017
3858,0.142971
3859,0.0847485
3860,0.0583772
3861,0.0761317
3862,0.0370764
3863,0.0804217
3864,0.0431616
3865,0.0968471
3866,0.194412
3867,0.123205
3868,0.0529586
3869,0.119919
3870,0.0942255
3871,0.0564568
3872,0.0408382
3873,0.0692081
3874,0.128107
3875,0.0513847
3876,0.0365254
3877,0.0952158
3878,0.145339
3879,0.1381
3880,0.0611729
3881,0.057423
3882,0.0909131
3883,0.0818164
3884,0.165469
3885,0.0568611
3886,0.153713
3887,0.0365178
3888,0.142714
3889,0.0614057
3890,0.0978771
3891,0.132282
3892,0.0275624
3893,0.10419
3894,0.186586
3895,0.11029
3896,0.110082
3897,0.0960669
3898,0.0795652
3899,0.101059
3900,0.12721
3901,0.0961948
3902,0.07266
3903,0.0279994
3904,0.0722954
3905,0.0947975
3906,0.15351
3907,0.167295
3908,0.0809178
3909,0.168139
3910,0.0755045
3911,0.0708251
3912,0.0522165
3913,0.0418134
3914,0.0418312
3915,0.0899078
3916,0.144151
3917,0.00870026
3918,0.0463122
3919,0.0876962
3920,0.0356835
3921,0.103015
3922,0.0940739
3923,0.113577
3924,0.148108
3925,0.0368032
3926,0.0459297
3927,0.113033
3928,0.0602057
3929,0.0792824
3930,0.0949273
3931,0.0536716
3932,0.0575044
3933,0.078571
3934,0.0533263
3935,0.0614067
3936,0.0366745
3937,0.0577958
3938,0.15353
3939,0.146803
3940,0.0891998
3941,0.0754392
3942,0.0978299
3943,0.0415147
3944,0.0347461
3945,0.0809319
3946,0.0289902
3947,0.0864679
3948,0.0442604
3949,0.0169995
3950,0.0343567
3951,0.119593
3952,0.0297803
3953,0.0272746
3954,0.0694889
3955,0.0648204
3956,0.113748
3957,0.0687205
3958,0.167424
3959,0.0369683
3960,0.102658
3961,0.0698827
3962,0.0746533
3963,0.0497762
3964,0.135898
3965,0.0939584
3966,0.0430139
3967,0.0482049
3968,0.101289
3969,0.102327
3970,0.0784584
3971,0.153167
3972,0.109764
3973,0.0635852
3974,0.163852
3975,0.0920948
3976,0.0563879
3977,0.0485872
3978,0.0129123
3979,0.0470254
3980,0.0883855
3981,0.128172
3982,0.106759
3983,0.0613332
3984,0.0522968
3985,0.0154026
3986,0.0570724
3987,0.092629
3988,0.0185805
3989,0.055573
3990,0.0620433
3991,0.141815
3992,0.127679
3993,0.0955704
3994,0.0640228
3995,0.0215245
3996,0.125605
3997,0.0751222
3998,0.0656566
3999,0.101435
4000,0.0679356
4001,0.0916905
4002,0.0427961
4003,0.0679106
4004,0.0623347
4005,0.234207
4006,0.107376
4007,0.078953
4008,0.126464
4009,0.0741122
4010,0.063525
4011,0.0905989
4012,0.130127
4013,0.093834
4014,0.113093
4015,0.0160362
4016,0.202782
4017,0.111509
4018,0.0774706
4019,0.0513391
4020,0.0557147
4021,0.045393
4022,0.114148
4023,0.167365
4024,0.149772
4025,0.0115771
4026,0.0616882
4027,0.0559149
4028,0.0936774
4029,0.0281318
4030,0.165896
4031,0.147935
4032,0.103519
4033,0.126849
4034,0.0709978
4035,0.131821
4036,0.0385575
4037,0.0473145
4038,0.0409246
4039,0.166172
4040,0.0929955
4041,0.0122122
4042,0.0501447
4043,0.0428151
4044,0.050729
4045,0.0454061
4046,0.0850935
4047,0.147377
4048,0.0849919
4049,0.0488123
4050,0.0460159
4051,0.0727697
4052,0.077918
4053,0.0897717
4054,0.203015
4055,0.0612656
4056,0.134422
4057,0.0686555
4058,0.269728
4059,0.0445217
4060,0.060706
4061,0.119664
4062,0.0893475
4063,0.0982098
4064,0.0912892
4065,0.109809
4066,0.0788039
4067,0.0221223
4068,0.102444
4069,0.116072
4070,0.0715162
4071,0.11953
4072,0.0563118
4073,0.0887122
4074,0.145681
4075,0.0869814
4076,0.029691
4077,0.084783
4078,0.119827
4079,0.0371773
4080,0.0562431
4081,0.120115
4082,0.0398241
4083,0.0800295
4084,0.0492188
4085,0.130185
4086,0.0888719
4087,0.17353
4088,0.0948486
4089,0.0552895
4090,0.0542339
4091,0.0316743
4092,0.0811681
4093,0.0289623
4094,0.0330757
4095,0.193426
4096,0.0359883
4097,0.0603481
4098,0.118309
4099,0.0392077
4100,0.148995
4101,0.152706
4102,0.0673075
4103,0.163972
4104,0.168378
4105,0.0370774
4106,0.047633
4107,0.0844555
4108,0.138146
4109,0.102256
4110,0.0983512
4111,0.128246
4112,0.128895
4113,0.120804
4114,0.00269667
4115,0.186736
4116,0.0564015
4117,0.140133
4118,0.142265
4119,0.0496078
4120,0.0842924
4121,0.0250313
4122,0.144037
4123,0.10443
4124,0.0440433
4125,0.0451217
4126,0.0679468
4127,0.257195
4128,0.0765232
4129,0.0838698
4130,0.128799
4131,0.0459386
4132,0.121605
4133,0.0694693
4134,0.0738656
4135,0.0568526
4136,0.0812848
4137,0.184551
4138,0.202156
4139,0.161314
4140,0.0619067
4141,0.0615949
4142,0.12664
4143,0.132224
4144,0.0860272
4145,0.0475464
4146,0.0444661
4147,0.111642
4148,0.117747
4149,0.224559
4150,0.0623172
4151,0.0601632
4152,0.120376
4153,0.056591
4154,0.0714208
4155,0.0361177
4156,0.174685
4157,0.0436398
4158,0.203592
4159,0.0166892
4160,0.132621
4161,0.108995
4162,0.165099
4163,0.0320646
4164,0.0354086
4165,0.131568
4166,0.0975241
4167,0.115828
4168,0.0479536
4169,0.0121727
4170,0.110428
4171,0.19895
4172,0.0368175
4173,0.0724353
4174,0.123206
4175,0.165862
4176,0.0260551
4177,0.0492156
4178,0.0647066
4179,0.0871177
4180,0.0459929
4181,0.0753457
4182,0.0683817
4183,0.114577
4184,0.0874814
4185,0.14627
4186,0.0364791
4187,0.146172
4188,0.121684
4189,0.0964382
4190,0.156046
4191,0.0512114
4192,0.098881
4193,0.0444755
4194,0.143
4195,0.0683877
4196,0.093827
4197,0.107904
4198,0.0325299
4199,0.0417831
4200,0.0613624
4201,0.048208
4202,0.0780646
4203,0.0350678
4204,0.0769454
4205,0.0724219
4206,0.0908668
4207,0.0864489
4208,0.0596613
4209,0.0278794
4210,0.108016
4211,0.0386097
4212,0.0456248
4213,0.0488842
4214,0.109892
4215,0.105526
4216,0.14753
4217,0.0499692
4218,0.0530914
4219,0.151517
4220,0.108358
4221,0.0456012
4222,0.0716506
4223,0.0876159
4224,0.0962544
4225,0.00620597
4226,0.0616219
4227,0.0109944
4228,0.12308
4229,0.0537049
4230,0.0700379
4231,0.0717423
4232,0.083493
4233,0.0477593
4234,0.117799
4235,0.106348
4236,0.128543
4237,0.0391213
4238,0.0824947
4239,0.0891532
4240,0.0801919
4241,0.128398
4242,0.0891518
4243,0.0838407
4244,0.11071
4245,0.0452627
4246,0.0936083
4247,0.0326541
4248,0.061538
4249,0.0380958
4250,0.0597233
4251,0.0915631
4252,0.132575
4253,0.0279527
4254,0.133019
4255,0.124771
4256,0.0402708
4257,0.170864
4258,0.128971
4259,0.0801353
4260,0.00649687
4261,0.174861
4262,0.160168
4263,0.105949
4264,0.145927
4265,0.128345
4266,0.126265
4267,0.0994809
4268,0.0659688
4269,0.0519355
4270,0.110551
4271,0.124105
4272,0.0899663
4273,0.120925
4274,0.0786542
4275,0.0860683
4276,0.167237
4277,0.0645718
4278,0.0317805
4279,0.100753
4280,0.123945
4281,0.0501446
4282,0.178608
4283,0.148452
4284,0.106295
4285,0.031514
4286,0.0558768
4287,0.0529218
4288,0.0575152
4289,0.0491598
4290,0.0512869
4291,0.0633113
4292,0.120337
4293,0.113842
4294,0.0514527
4295,0.0103775
4296,0.161803
4297,0.102558
4298,0.0445537
4299,0.0733474
4300,0.233535
4301,0.053704
4302,0.0935939
4303,0.068303
4304,0.114226
4305,0.0429144
4306,0.0579839
4307,0.0839428
4308,0.0822522
4309,0.0855429
4310,0.0311653
4311,0.0235728
4312,0.0335404
4313,0.0365714
4314,0.0974273
4315,0.0120772
4316,0.160203
4317,0.0817032
4318,0.12414
4319,0.110132
4320,0.0647829
4321,0.167636
4322,0.0420881
4323,0.117943
4324,0.0582755
4325,0.116435
4326,0.0609502
4327,0.106082
4328,0.0526568
4329,0.051247
4330,0.0378294
4331,0.077111
4332,0.0415418
4333,0.00304264
4334,0.112558
4335,0.0828497
4336,0.138173
4337,0.0508801
4338,0.0440623
4339,0.0899798
4340,0.0314516
4341,0.20269
4342,0.0913777
4343,0.152116
4344,0.0557865
4345,0.086472
4346,0.0676324
4347,0.0681693
4348,0.0576135
4349,0.0578289
4350,0.0417667
4351,0.102842
4352,0.0256872
4353,0.109089
4354,0.130971
4355,0.163417
4356,0.0289661
4357,0.312617
4358,0.120597
4359,0.102498
4360,0.101997
4361,0.0945259
4362,0.0949196
4363,0.0632326
4364,0.12122
4365,0.145575
4366,0.0987249
4367,0.0817826
4368,0.141189
4369,0.0434891
4370,0.0611247
4371,0.0588647
4372,0.066178
4373,0.125734
4374,0.078331
4375,0.0967772
4376,0.132647
4377,0.0643906
4378,0.122109
4379,0.0459657
4380,0.0564291
4381,0.0506996
4382,0.057204
4383,0.0809557
4384,0.057135
4385,0.208554
4386,0.14686
4387,0.0994027
4388,0.224037
4389,0.163657
4390,0.0261632
4391,0.119657
4392,0.0503557
4393,0.106159
4394,0.154012
4395,0.0568834
4396,0.169448
4397,0.143531
4398,0.0160763
4399,0.0497522
4400,0.257409
4401,0.0618979
4402,0.230155
4403,0.204424
4404,0.0797516
4405,0.174403
4406,0.0139633
4407,0.164737
4408,0.0594195
4409,0.0243294
4410,0.0676613
4411,0.0711469
4412,0.0639213
4413,0.144565
4414,0.123708
4415,0.0295192
4416,0.121768
4417,0.166695
4418,0.175132
4419,0.162556
4420,0.0943232
4421,0.125696
4422,0.215789
4423,0.245985
4424,0.115385
4425,0.0967155
4426,0.0270845
4427,0.0775166
4428,0.187507
4429,0.0818289
4430,0.0884904
4431,0.0593391
4432,0.193885
4433,0.0981501
4434,0.21458
4435,0.131751
4436,0.0788461
4437,0.117287
4438,0.0916359
4439,0.122521
4440,0.16179
4441,0.0392719
4442,0.1849
4443,0.145982
4444,0.124626
4445,0.0779669
4446,0.188369
4447,0.264456
4448,0.259325
4449,0.191097
4450,0.204195
4451,0.312671
4452,0.113269
4453,0.0256055
4454,0.270966
4455,0.247093
4456,0.243614
4457,0.154683
4458,0.203754
4459,0.200358
4460,0.116589
4461,0.346255
4462,0.12575
4463,0.168432
4464,0.184575
4465,0.271988
4466,0.255238
4467,0.377015
4468,0.254756
4469,0.328745
4470,0.313667
4471,0.339353
4472,0.361854
4473,0.222705
4474,0.280998
4475,0.253452
4476,0.242346
4477,0.394841
4478,0.201485
4479,0.310464
4480,0.114396
4481,0.323931
4482,0.530298
4483,0.391
4484,0.338967
4485,0.234985
4486,0.281167
4487,0.376975
4488,0.315639
4489,0.497677
4490,0.500822
4491,0.443858
4492,0.445
4493,0.398147
4494,0.595352
4495,0.748841
4496,0.717873
4497,0.748969
4498,0.734484
4499,0.807105
4500,0.782213
4501,1.22781
4502,1.26885
4503,1.42666
4504,1.44784
4505,1.94762
4506,2.31582
4507,3.0264
4508,4.75931
4509,9.20391
4510,848.147
4511,9.19598
4512,4.83754
4513,3.20367
4514,2.32238
4515,1.87805
4516,1.56761
4517,1.33954
4518,1.19934
4519,0.828792
4520,0.864414
4521,0.878282
4522,0.845397
4523,0.680434
4524,0.657933
4525,0.842542
4526,0.472715
4527,0.811509
4528,0.511176
4529,0.497812
4530,0.452827
4531,0.533343
4532,0.435537
4533,0.475856
4534,0.411335
4535,0.451495
4536,0.307746
4537,0.296167
4538,0.392022
4539,0.114007
4540,0.385859
4541,0.308902
4542,0.230416
4543,0.369401
4544,0.26521
4545,0.382541
4546,0.389499
4547,0.471052
4548,0.206457
4549,0.388449
4550,0.153321
4551,0.213907
4552,0.279535
4553,0.19564
4554,0.379998
4555,0.119066
4556,0.209121
4557,0.229889
4558,0.249224
4559,0.209775
4560,0.182681
4561,0.300678
4562,0.23806
4563,0.232653
4564,0.201397
4565,0.176581
4566,0.210407
4567,0.2708
4568,0.282671
4569,0.265085
4570,0.225243
4571,0.214287
4572,0.134508
4573,0.191162
4574,0.0756575
4575,0.0692389
4576,0.281732
4577,0.26283
4578,0.0909689
4579,0.179232
4580,0.197407
4581,0.139909
4582,0.0878548
4583,0.188907
4584,0.0993915
4585,0.202027
4586,0.157162
4587,0.17645
4588,0.203604
4589,0.134968
4590,0.093525
4591,0.111547
4592,0.164521
4593,0.165468
4594,0.0955501
4595,0.158011
4596,0.0652049
4597,0.0686874
4598,0.141194
4599,0.194589
4600,0.138996
4601,0.129661
4602,0.0930108
4603,0.158232
4604,0.131016
4605,0.116456
4606,0.237816
4607,0.208918
4608,0.122673
4609,0.139337
4610,0.197921
4611,0.0841706
4612,0.138716
4613,0.0401073
4614,0.1054
4615,0.132195
4616,0.179189
4617,0.0735053
4618,0.107229
4619,0.0839366
4620,0.095569
4621,0.281064
4622,0.20068
4623,0.0994972
4624,0.125285
4625,0.190592
4626,0.0333172
4627,0.111457
4628,0.0862566
4629,0.0968892
4630,0.205026
4631,0.220998
4632,0.0636049
4633,0.130898
4634,0.132501
4635,0.0923028
4636,0.0836624
4637,0.142401
4638,0.112355
4639,0.0868721
4640,0.0563465
4641,0.102121
4642,0.0898637
4643,0.114005
4644,0.0798297
4645,0.219679
4646,0.105626
4647,0.072386
4648,0.145619
4649,0.0978018
4650,0.157054
4651,0.0461074
4652,0.0929508
4653,0.0809021
4654,0.0418725
4655,0.0265811
4656,0.0867051
4657,0.195178
4658,0.157353
4659,0.166958
4660,0.0826927
4661,0.104758
4662,0.0883133
4663,0.117214
4664,0.154944
4665,0.139666
4666,0.173074
4667,0.0809687
4668,0.0961355
4669,0.0584963
4670,0.137462
4671,0.0767204
4672,0.181056
4673,0.0993605
4674,0.178654
4675,0.0932314
4676,0.0831299
4677,0.133033
4678,0.0885058
4679,0.0944123
4680,0.0867797
4681,0.1346
4682,0.167554
4683,0.161067
4684,0.193021
4685,0.103174
4686,0.0474387
4687,0.0803229
4688,0.125545
4689,0.0604081
4690,0.03038
4691,0.0608912
4692,0.0775185
4693,0.19818
4694,0.085916
4695,0.16506
4696,0.0589695
4697,0.0659561
4698,0.0480469
4699,0.177092
4700,0.301398
4701,0.0351642
4702,0.127697
4703,0.135578
4704,0.124228
4705,0.0336327
4706,0.22344
4707,0.0717286
4708,0.179058
4709,0.132755
4710,0.189364
4711,0.154001
4712,0.106389
4713,0.0146219
4714,0.140878
4715,0.12905
4716,0.0972383
4717,0.0510526
4718,0.021318
4719,0.031434
4720,0.140353
4721,0.0809131
4722,0.0691247
4723,0.118732
4724,0.094922
4725,0.217107
4726,0.141925
4727,0.0348811
4728,0.0182594
4729,0.117581
4730,0.1191
4731,0.0819915
4732,0.0482115
4733,0.168999
4734,0.122836
4735,0.0710173
4736,0.152963
4737,0.0928147
4738,0.162181
4739,0.0550253
4740,0.0833745
4741,0.14994
4742,0.170178
4743,0.114211
4744,0.0477382
4745,0.123583
4746,0.176024
4747,0.10394
4748,0.111499
4749,0.121392
4750,0.0472068
4751,0.0290411
4752,0.142145
4753,0.107766
4754,0.0896316
4755,0.0602756
4756,0.0921422
4757,0.217571
4758,0.0469294
4759,0.0960062
4760,0.241943
4761,0.0102796
4762,0.0969135
4763,0.15629
4764,0.0206443
4765,0.0152168
4766,0.187754
4767,0.0672541
4768,0.0670151
4769,0.0840523
4770,0.0240529
4771,0.152598
4772,0.138841
4773,0.0347978
4774,0.0993004
4775,0.0734773
4776,0.0162085
4777,0.0759705
4778,0.109995
4779,0.0755314
4780,0.0873623
4781,0.158156
4782,0.0902589
4783,0.08262
4784,0.10128
4785,0.116625
4786,0.042966
4787,0.116147
4788,0.0747805
4789,0.0729991
4790,0.0193811
4791,0.0504295
4792,0.161165
4793,0.191479
4794,0.060717
4795,0.145126
4796,0.183149
4797,0.111029
4798,0.183185
4799,0.0986123
4800,0.0934345
4801,0.0556637
4802,0.133501
4803,0.106312
4804,0.0899916
4805,0.169441
4806,0.0746488
4807,0.125113
4808,0.0803247
4809,0.0665245
4810,0.0826608
4811,0.129492
4812,0.170414
4813,0.132278
4814,0.21736
4815,0.112462
4816,0.111403
4817,0.0628979
4818,0.0319531
4819,0.202578
4820,0.249315
4821,0.0361252
4822,0.101517
4823,0.126614
4824,0.144641
4825,0.138534
4826,0.169954
4827,0.0835858
4828,0.0484201
4829,0.152475
4830,0.0482167
4831,0.132766
4832,0.0380312
4833,0.103583
4834,0.0426012
4835,0.177667
4836,0.0731204
4837,0.21281
4838,0.0078913
4839,0.124849
4840,0.0694549
4841,0.196253
4842,0.0640217
4843,0.0129984
4844,0.0289204
4845,0.0324739
4846,0.175767
4847,0.0548336
4848,0.0946769
4849,0.141147
4850,0.0724077
4851,0.168044
4852,0.123383
4853,0.0800164
4854,0.160058
4855,0.0249073
4856,0.125571
4857,0.0350761
4858,0.108493
4859,0.161371
4860,0.21722
4861,0.0347106
4862,0.143159
4863,0.185367
4864,0.246402
4865,0.0689215
4866,0.138085
4867,0.342241
4868,0.346392
4869,0.0282308
4870,0.294979
4871,0.317573
4872,0.26491
4873,0.313436
4874,0.163561
4875,0.423375
4876,0.61499
4877,0.600994
4878,0.893881
4879,1.75885
4880,636.302
4881,1.79383
4882,0.72879
4883,0.71854
4884,0.517365
4885,0.428085
4886,0.210497
4887,0.121634
4888,0.223943
4889,0.190919
4890,0.134108
4891,0.0505133
4892,0.0877873
4893,0.0950387
4894,0.106104
4895,0.0433439
4896,0.151239
4897,0.0420576
4898,0.227545
4899,0.12412
4900,0.12668
4901,0.110225
4902,0.228857
4903,0.185618
4904,0.153948
4905,0.190487
4906,0.154653
4907,0.0942258
4908,0.12379
4909,0.0907035
4910,0.0207057
4911,0.0971838
4912,0.11607
4913,0.187133
4914,0.0887538
4915,0.159392
4916,0.144277
4917,0.119772
4918,0.19112
4919,0.102556
4920,0.144605
4921,0.150643
4922,0.0219566
4923,0.056361
4924,0.133166
4925,0.176536
4926,0.0573806
4927,0.199403
4928,0.183989
4929,0.0654616
4930,0.124121
4931,0.178926
4932,0.203367
4933,0.1333
4934,0.201215
4935,0.0171785
4936,0.256905
4937,0.150625
4938,0.0629671
4939,0.0692471
4940,0.184671
4941,0.0456938
4942,0.0467852
4943,0.101707
4944,0.438274
4945,0.163412
4946,0.144857
4947,0.21132
4948,0.310363
4949,0.559176
4950,424.063
4951,0.415459
4952,0.360992
4953,0.133021
4954,0.118033
4955,0.195764
4956,0.0807299
4957,0.0752039
4958,0.142103
4959,0.215995
4960,0.0262197
4961,0.201056
4962,0.0851751
4963,0.125194
4964,0.0747916
4965,0.142292
4966,0.323386
4967,0.0459792
4968,0.0651188
4969,0.117116
4970,0.0720958
4971,0.107929
4972,0.237805
4973,0.391734
4974,0.308019
4975,0.114474
4976,0.350678
4977,0.301239
4978,0.226026
4979,0.0293032
4980,0.0804644
4981,0.150589
4982,0.249213
4983,0.0703606
4984,0.22577
4985,0.227594
4986,0.0924232
4987,0.0683703
4988,0.113943
4989,0.196385
4990,0.212608
4991,0.266376
4992,1.29102
4993,0.289381
4994,0.286579
4995,0.261999
4996,0.192767
4997,0.17016
4998,0.231124
4999,0.0459055
